{"evaluationLog": "GT rectangles: 5\nDET rectangles: 4\nFind one-to-one matches\nMatch GT #1 with Det #2\nMatch GT #2 with Det #1\nMatch GT #3 with Det #0\nMatch GT #4 with Det #3\nFind one-to-many matches\nFind many-to-one matches\nRecall = 0.8\nPrecision = 1.0\n", "precision": 1.0, "gtPolPoints": [[150.0, 131.0, 184.0, 175.0], [210.0, 140.0, 272.0, 214.0], [460.0, 110.0, 524.0, 201.0], [662.0, 142.0, 709.0, 198.0], [90.0, 127.0, 131.0, 183.0]], "precisionMat": [[0.0, 0.0, 0.0, 0.0], [0.0, 0.0, 0.8426966292134831, 0.0], [0.0, 0.9484536082474226, 0.0, 0.0], [0.879382889200561, 0.0, 0.0, 0.0], [0.0, 0.0, 0.0, 0.8519736842105263]], "evaluationParams": {"AREA_PRECISION_CONSTRAINT": 0.4, "GT_SAMPLE_NAME_2_ID": "gt_img_([0-9]+).txt", "DET_SAMPLE_NAME_2_ID": "res_img_([0-9]+).txt", "CRLF": false, "EV_PARAM_IND_CENTER_DIFF_THR": 1, "MTYPE_OM_M": 1.0, "AREA_RECALL_CONSTRAINT": 0.5, "MTYPE_OM_O": 0.8, "MTYPE_OO_O": 1.0}, "pairs": [{"type": "OO", "gt": 1, "det": 2}, {"type": "OO", "gt": 2, "det": 1}, {"type": "OO", "gt": 3, "det": 0}, {"type": "OO", "gt": 4, "det": 3}], "hmean": 0.888888888888889, "detDontCare": [], "recall": 0.8, "detPolPoints": [[660.0, 140.0, 705.0, 201.0], [461.0, 110.0, 518.0, 206.0], [211.0, 135.0, 270.0, 223.0], [95.0, 128.0, 132.0, 191.0]], "recallMat": [[0.0, 0.0, 0.0, 0.0], [0.0, 0.0, 0.9523809523809523, 0.0], [0.0, 0.8923076923076924, 0.0, 0.0], [0.9166666666666666, 0.0, 0.0, 0.0], [0.0, 0.0, 0.0, 0.8654970760233918]], "gtDontCare": []}