{"evaluationLog": "GT rectangles: 11\nDET rectangles: 4\nFind one-to-one matches\nMatch GT #0 with Det #1\nMatch GT #1 with Det #0\nFind one-to-many matches\nFind many-to-one matches\nRecall = 0.181818181818\nPrecision = 0.5\n", "precision": 0.5, "gtPolPoints": [[216.0, 254.0, 242.0, 299.0], [420.0, 525.0, 462.0, 583.0], [4.0, 593.0, 143.0, 777.0], [12.0, 503.0, 73.0, 561.0], [396.0, 429.0, 409.0, 440.0], [499.0, 399.0, 520.0, 427.0], [495.0, 403.0, 520.0, 430.0], [483.0, 470.0, 533.0, 516.0], [356.0, 474.0, 376.0, 495.0], [145.0, 423.0, 152.0, 435.0], [192.0, 418.0, 205.0, 434.0]], "precisionMat": [[0.0, 1.0, 0.0, 0.0], [0.9555555555555556, 0.0, 0.0, 0.0], [0.0, 0.0, 0.0, 0.0], [0.0, 0.0, 0.0, 0.0], [0.0, 0.0, 0.0, 0.0], [0.0, 0.0, 0.0, 0.0], [0.0, 0.0, 0.0, 0.0], [0.0, 0.0, 0.0, 0.0], [0.0, 0.0, 0.0, 0.0], [0.0, 0.0, 0.0, 0.0], [0.0, 0.0, 0.0, 0.0]], "evaluationParams": {"AREA_PRECISION_CONSTRAINT": 0.4, "GT_SAMPLE_NAME_2_ID": "gt_img_([0-9]+).txt", "DET_SAMPLE_NAME_2_ID": "res_img_([0-9]+).txt", "CRLF": false, "EV_PARAM_IND_CENTER_DIFF_THR": 1, "MTYPE_OM_M": 1.0, "AREA_RECALL_CONSTRAINT": 0.5, "MTYPE_OM_O": 0.8, "MTYPE_OO_O": 1.0}, "pairs": [{"type": "OO", "gt": 0, "det": 1}, {"type": "OO", "gt": 1, "det": 0}], "hmean": 0.26666666666666666, "detDontCare": [], "recall": 0.18181818181818182, "detPolPoints": [[419.0, 525.0, 463.0, 579.0], [221.0, 260.0, 239.0, 296.0], [371.0, 405.0, 389.0, 433.0], [203.0, 481.0, 229.0, 520.0]], "recallMat": [[0.0, 0.5660225442834138, 0.0, 0.0], [0.9322033898305084, 0.0, 0.0, 0.0], [0.0, 0.0, 0.0, 0.0], [0.0, 0.0, 0.0, 0.0], [0.0, 0.0, 0.0, 0.0], [0.0, 0.0, 0.0, 0.0], [0.0, 0.0, 0.0, 0.0], [0.0, 0.0, 0.0, 0.0], [0.0, 0.0, 0.0, 0.0], [0.0, 0.0, 0.0, 0.0], [0.0, 0.0, 0.0, 0.0]], "gtDontCare": []}