{"evaluationLog": "GT rectangles: 5\nDET rectangles: 2\nFind one-to-one matches\nMatch GT #0 with Det #0\nMatch GT #2 with Det #1\nFind one-to-many matches\nFind many-to-one matches\nRecall = 0.4\nPrecision = 1.0\n", "precision": 1.0, "gtPolPoints": [[129.0, 288.0, 236.0, 429.0], [224.0, 423.0, 238.0, 441.0], [277.0, 490.0, 336.0, 552.0], [303.0, 413.0, 315.0, 427.0], [382.0, 418.0, 392.0, 431.0]], "precisionMat": [[0.9452054794520548, 0.0], [0.001795451522808884, 0.0], [0.0, 0.84], [0.0, 0.0], [0.0, 0.0]], "evaluationParams": {"AREA_PRECISION_CONSTRAINT": 0.4, "GT_SAMPLE_NAME_2_ID": "gt_img_([0-9]+).txt", "DET_SAMPLE_NAME_2_ID": "res_img_([0-9]+).txt", "CRLF": false, "EV_PARAM_IND_CENTER_DIFF_THR": 1, "MTYPE_OM_M": 1.0, "AREA_RECALL_CONSTRAINT": 0.5, "MTYPE_OM_O": 0.8, "MTYPE_OO_O": 1.0}, "pairs": [{"type": "OO", "gt": 0, "det": 0}, {"type": "OO", "gt": 2, "det": 1}], "hmean": 0.5714285714285715, "detDontCare": [], "recall": 0.4, "detPolPoints": [[130.0, 280.0, 232.0, 425.0], [282.0, 483.0, 334.0, 557.0]], "recallMat": [[0.9268388106416275, 0.0], [0.09473684210526316, 0.0], [0.0, 0.8833333333333333], [0.0, 0.0], [0.0, 0.0]], "gtDontCare": []}