{"evaluationLog": "GT rectangles: 8\nDET rectangles: 4\nFind one-to-one matches\nMatch GT #1 with Det #3\nMatch GT #2 with Det #2\nMatch GT #5 with Det #1\nFind one-to-many matches\nMatch GT #0 with Det #[0]\nFind many-to-one matches\nRecall = 0.475\nPrecision = 0.95\n", "precision": 0.95, "gtPolPoints": [[10.0, 114.0, 39.0, 174.0], [128.0, 122.0, 168.0, 180.0], [95.0, 154.0, 111.0, 178.0], [17.0, 135.0, 47.0, 197.0], [57.0, 148.0, 81.0, 191.0], [71.0, 144.0, 92.0, 176.0], [114.0, 154.0, 128.0, 181.0], [124.0, 164.0, 135.0, 180.0]], "precisionMat": [[0.8276797829036635, 0.0, 0.0, 0.0], [0.0, 0.0, 0.0, 1.0], [0.0, 0.0, 1.0, 0.0], [0.4450474898236092, 0.0, 0.0, 0.0], [0.0, 0.45248868778280543, 0.0, 0.0], [0.0, 1.0, 0.0, 0.0], [0.0, 0.0, 0.0, 0.0], [0.0, 0.0, 0.0, 0.03496503496503497]], "evaluationParams": {"AREA_PRECISION_CONSTRAINT": 0.4, "GT_SAMPLE_NAME_2_ID": "gt_img_([0-9]+).txt", "DET_SAMPLE_NAME_2_ID": "res_img_([0-9]+).txt", "CRLF": false, "EV_PARAM_IND_CENTER_DIFF_THR": 1, "MTYPE_OM_M": 1.0, "AREA_RECALL_CONSTRAINT": 0.5, "MTYPE_OM_O": 0.8, "MTYPE_OO_O": 1.0}, "pairs": [{"type": "OO", "gt": 1, "det": 3}, {"type": "OO", "gt": 2, "det": 2}, {"type": "OO", "gt": 5, "det": 1}, {"type": "OM", "gt": 0, "det": [0]}], "hmean": 0.6333333333333334, "detDontCare": [], "recall": 0.475, "detPolPoints": [[8.0, 109.0, 40.0, 175.0], [74.0, 147.0, 90.0, 172.0], [95.0, 155.0, 110.0, 176.0], [131.0, 124.0, 163.0, 175.0]], "recallMat": [[1.0, 0.0, 0.0, 0.0], [0.0, 0.0, 0.0, 0.7093840429929723], [0.0, 0.0, 0.8282352941176471, 0.0], [0.5038402457757296, 0.0, 0.0, 0.0], [0.0, 0.18181818181818182, 0.0, 0.0], [0.0, 0.6088154269972452, 0.0, 0.0], [0.0, 0.0, 0.0, 0.0], [0.0, 0.0, 0.0, 0.29411764705882354]], "gtDontCare": []}