{"evaluationLog": "GT rectangles: 7\nDET rectangles: 4\nFind one-to-one matches\nMatch GT #1 with Det #0\nMatch GT #2 with Det #1\nMatch GT #5 with Det #2\nMatch GT #6 with Det #3\nFind one-to-many matches\nFind many-to-one matches\nRecall = 0.571428571429\nPrecision = 1.0\n", "precision": 1.0, "gtPolPoints": [[11.0, 165.0, 46.0, 212.0], [148.0, 182.0, 225.0, 265.0], [250.0, 174.0, 303.0, 239.0], [328.0, 198.0, 339.0, 212.0], [346.0, 185.0, 359.0, 207.0], [44.0, 192.0, 78.0, 233.0], [96.0, 179.0, 115.0, 204.0]], "precisionMat": [[0.0, 0.0, 0.0728744939271255, 0.0], [0.9861111111111112, 0.0, 0.0, 0.0], [0.0, 1.0, 0.0, 0.0], [0.0, 0.0, 0.0, 0.0], [0.0, 0.0, 0.0, 0.0], [0.0, 0.0, 0.9210526315789473, 0.0], [0.0, 0.0, 0.0, 0.7282913165266106]], "evaluationParams": {"AREA_PRECISION_CONSTRAINT": 0.4, "GT_SAMPLE_NAME_2_ID": "gt_img_([0-9]+).txt", "DET_SAMPLE_NAME_2_ID": "res_img_([0-9]+).txt", "CRLF": false, "EV_PARAM_IND_CENTER_DIFF_THR": 1, "MTYPE_OM_M": 1.0, "AREA_RECALL_CONSTRAINT": 0.5, "MTYPE_OM_O": 0.8, "MTYPE_OO_O": 1.0}, "pairs": [{"type": "OO", "gt": 1, "det": 0}, {"type": "OO", "gt": 2, "det": 1}, {"type": "OO", "gt": 5, "det": 2}, {"type": "OO", "gt": 6, "det": 3}], "hmean": 0.7272727272727273, "detDontCare": [], "recall": 0.5714285714285714, "detPolPoints": [[147.0, 187.0, 218.0, 265.0], [251.0, 180.0, 303.0, 237.0], [41.0, 195.0, 78.0, 233.0], [96.0, 172.0, 116.0, 205.0]], "recallMat": [[0.0, 0.0, 0.0625, 0.0], [0.856074481074481, 0.0, 0.0, 0.0], [0.0, 0.8625140291806959, 0.0, 0.0], [0.0, 0.0, 0.0, 0.0], [0.0, 0.0, 0.0, 0.0], [0.0, 0.0, 0.9285714285714286, 0.0], [0.0, 0.0, 0.0, 1.0]], "gtDontCare": []}