{"evaluationLog": "GT rectangles: 3\nDET rectangles: 4\nFind one-to-one matches\nMatch GT #0 with Det #0\nMatch GT #1 with Det #2\nFind one-to-many matches\nFind many-to-one matches\nRecall = 0.666666666667\nPrecision = 0.5\n", "precision": 0.5, "gtPolPoints": [[111.0, 113.0, 132.0, 139.0], [17.0, 155.0, 29.0, 170.0], [26.0, 152.0, 36.0, 166.0]], "precisionMat": [[1.0, 0.0, 0.0, 0.0], [0.0, 0.0, 0.8739495798319328, 0.0], [0.0, 0.0, 0.25210084033613445, 0.0]], "evaluationParams": {"AREA_PRECISION_CONSTRAINT": 0.4, "GT_SAMPLE_NAME_2_ID": "gt_img_([0-9]+).txt", "DET_SAMPLE_NAME_2_ID": "res_img_([0-9]+).txt", "CRLF": false, "EV_PARAM_IND_CENTER_DIFF_THR": 1, "MTYPE_OM_M": 1.0, "AREA_RECALL_CONSTRAINT": 0.5, "MTYPE_OM_O": 0.8, "MTYPE_OO_O": 1.0}, "pairs": [{"type": "OO", "gt": 0, "det": 0}, {"type": "OO", "gt": 1, "det": 2}], "hmean": 0.5714285714285715, "detDontCare": [], "recall": 0.6666666666666666, "detPolPoints": [[111.0, 114.0, 132.0, 138.0], [215.0, 162.0, 242.0, 210.0], [17.0, 155.0, 30.0, 171.0], [4.0, 72.0, 36.0, 103.0]], "recallMat": [[0.9259259259259259, 0.0, 0.0, 0.0], [0.0, 0.0, 1.0, 0.0], [0.0, 0.0, 0.36363636363636365, 0.0]], "gtDontCare": []}