{"evaluationLog": "GT rectangles: 7\nDET rectangles: 4\nFind one-to-one matches\nMatch GT #0 with Det #3\nMatch GT #4 with Det #1\nMatch GT #5 with Det #2\nMatch GT #6 with Det #0\nFind one-to-many matches\nFind many-to-one matches\nRecall = 0.571428571429\nPrecision = 1.0\n", "precision": 1.0, "gtPolPoints": [[90.0, 160.0, 136.0, 212.0], [231.0, 158.0, 273.0, 198.0], [267.0, 154.0, 295.0, 194.0], [299.0, 166.0, 319.0, 200.0], [185.0, 136.0, 236.0, 208.0], [454.0, 133.0, 507.0, 217.0], [658.0, 158.0, 704.0, 212.0]], "precisionMat": [[0.0, 0.0, 0.0, 0.43392993145468395], [0.0, 0.06653683868873743, 0.0, 0.0], [0.0, 0.0, 0.0, 0.0], [0.0, 0.0, 0.0, 0.0], [0.0, 0.9240506329113924, 0.0, 0.0], [0.0, 0.0, 0.6482135291625477, 0.0], [0.8333333333333334, 0.0, 0.0, 0.0]], "evaluationParams": {"AREA_PRECISION_CONSTRAINT": 0.4, "GT_SAMPLE_NAME_2_ID": "gt_img_([0-9]+).txt", "DET_SAMPLE_NAME_2_ID": "res_img_([0-9]+).txt", "CRLF": false, "EV_PARAM_IND_CENTER_DIFF_THR": 1, "MTYPE_OM_M": 1.0, "AREA_RECALL_CONSTRAINT": 0.5, "MTYPE_OM_O": 0.8, "MTYPE_OO_O": 1.0}, "pairs": [{"type": "OO", "gt": 0, "det": 3}, {"type": "OO", "gt": 4, "det": 1}, {"type": "OO", "gt": 5, "det": 2}, {"type": "OO", "gt": 6, "det": 0}], "hmean": 0.7272727272727273, "detDontCare": [], "recall": 0.5714285714285714, "detPolPoints": [[658.0, 154.0, 702.0, 219.0], [197.0, 135.0, 235.0, 213.0], [447.0, 123.0, 519.0, 219.0], [81.0, 136.0, 132.0, 236.0]], "recallMat": [[0.0, 0.0, 0.0, 0.9148936170212766], [0.0, 0.11627906976744186, 0.0, 0.0], [0.0, 0.0, 0.0, 0.0], [0.0, 0.0, 0.0, 0.0], [0.0, 0.75, 0.0, 0.0], [0.0, 0.0, 1.0, 0.0], [0.9574468085106383, 0.0, 0.0, 0.0]], "gtDontCare": []}