{"evaluationLog": "GT rectangles: 4\nDET rectangles: 4\nFind one-to-one matches\nMatch GT #0 with Det #0\nMatch GT #1 with Det #2\nMatch GT #3 with Det #1\nFind one-to-many matches\nFind many-to-one matches\nRecall = 0.75\nPrecision = 0.75\n", "precision": 0.75, "gtPolPoints": [[197.0, 259.0, 290.0, 400.0], [387.0, 276.0, 472.0, 371.0], [482.0, 15.0, 501.0, 38.0], [51.0, 228.0, 233.0, 558.0]], "precisionMat": [[0.8709160571229537, 0.046052631578947366, 0.0, 0.29217948717948716], [0.0, 0.0, 0.8927554179566564, 0.0], [0.0, 0.0, 0.0, 0.0], [0.42424242424242425, 1.0, 0.0, 0.8666666666666667]], "evaluationParams": {"AREA_PRECISION_CONSTRAINT": 0.4, "GT_SAMPLE_NAME_2_ID": "gt_img_([0-9]+).txt", "DET_SAMPLE_NAME_2_ID": "res_img_([0-9]+).txt", "CRLF": false, "EV_PARAM_IND_CENTER_DIFF_THR": 1, "MTYPE_OM_M": 1.0, "AREA_RECALL_CONSTRAINT": 0.5, "MTYPE_OM_O": 0.8, "MTYPE_OO_O": 1.0}, "pairs": [{"type": "OO", "gt": 0, "det": 0}, {"type": "OO", "gt": 1, "det": 2}, {"type": "OO", "gt": 3, "det": 1}], "hmean": 0.75, "detDontCare": [], "recall": 0.75, "detPolPoints": [[192.0, 268.0, 290.0, 412.0], [57.0, 310.0, 216.0, 556.0], [392.0, 270.0, 476.0, 364.0], [130.0, 272.0, 249.0, 466.0]], "recallMat": [[0.9366197183098591, 0.13635001498351812, 0.0, 0.5122115672759964], [0.0, 0.0, 0.8731831395348837, 0.0], [0.0, 0.0, 0.0, 0.0], [0.10053984448516666, 0.652435903785515, 0.0, 0.33480263483730377]], "gtDontCare": []}