{"evaluationLog": "GT rectangles: 4\nDET rectangles: 4\nFind one-to-one matches\nMatch GT #0 with Det #3\nMatch GT #1 with Det #0\nMatch GT #2 with Det #1\nMatch GT #3 with Det #2\nFind one-to-many matches\nFind many-to-one matches\nRecall = 1.0\nPrecision = 1.0\n", "precision": 1.0, "gtPolPoints": [[136.0, 386.0, 223.0, 447.0], [304.0, 208.0, 409.0, 337.0], [124.0, 10.0, 151.0, 46.0], [184.0, 0.0, 214.0, 32.0]], "precisionMat": [[0.0, 0.0, 0.0, 0.9285714285714286], [1.0, 0.0, 0.0, 0.0], [0.0, 1.0, 0.0, 0.0], [0.0, 0.0, 1.0, 0.0]], "evaluationParams": {"AREA_PRECISION_CONSTRAINT": 0.4, "GT_SAMPLE_NAME_2_ID": "gt_img_([0-9]+).txt", "DET_SAMPLE_NAME_2_ID": "res_img_([0-9]+).txt", "CRLF": false, "EV_PARAM_IND_CENTER_DIFF_THR": 1, "MTYPE_OM_M": 1.0, "AREA_RECALL_CONSTRAINT": 0.5, "MTYPE_OM_O": 0.8, "MTYPE_OO_O": 1.0}, "pairs": [{"type": "OO", "gt": 0, "det": 3}, {"type": "OO", "gt": 1, "det": 0}, {"type": "OO", "gt": 2, "det": 1}, {"type": "OO", "gt": 3, "det": 2}], "hmean": 1.0, "detDontCare": [], "recall": 1.0, "detPolPoints": [[311.0, 242.0, 403.0, 336.0], [127.0, 11.0, 144.0, 42.0], [189.0, 2.0, 213.0, 27.0], [167.0, 382.0, 219.0, 437.0]], "recallMat": [[0.0, 0.0, 0.0, 0.5051319648093842], [0.6411465892597968, 0.0, 0.0, 0.0], [0.0, 0.555984555984556, 0.0, 0.0], [0.0, 0.0, 0.635386119257087, 0.0]], "gtDontCare": []}