{"evaluationLog": "GT rectangles: 5\nDET rectangles: 4\nFind one-to-one matches\nMatch GT #0 with Det #0\nMatch GT #2 with Det #2\nMatch GT #3 with Det #1\nFind one-to-many matches\nFind many-to-one matches\nRecall = 0.6\nPrecision = 0.75\n", "precision": 0.75, "gtPolPoints": [[207.0, 164.0, 231.0, 199.0], [21.0, 197.0, 29.0, 206.0], [50.0, 205.0, 57.0, 214.0], [96.0, 258.0, 107.0, 274.0], [151.0, 206.0, 164.0, 228.0]], "precisionMat": [[0.9078947368421053, 0.0, 0.0, 0.0], [0.0, 0.0, 0.0, 0.0], [0.0, 0.0, 0.8333333333333334, 0.0], [0.0, 0.9411764705882353, 0.0, 0.0], [0.0, 0.0, 0.0, 0.0]], "evaluationParams": {"AREA_PRECISION_CONSTRAINT": 0.4, "GT_SAMPLE_NAME_2_ID": "gt_img_([0-9]+).txt", "DET_SAMPLE_NAME_2_ID": "res_img_([0-9]+).txt", "CRLF": false, "EV_PARAM_IND_CENTER_DIFF_THR": 1, "MTYPE_OM_M": 1.0, "AREA_RECALL_CONSTRAINT": 0.5, "MTYPE_OM_O": 0.8, "MTYPE_OO_O": 1.0}, "pairs": [{"type": "OO", "gt": 0, "det": 0}, {"type": "OO", "gt": 2, "det": 2}, {"type": "OO", "gt": 3, "det": 1}], "hmean": 0.6666666666666665, "detDontCare": [], "recall": 0.6, "detPolPoints": [[206.0, 163.0, 229.0, 200.0], [96.0, 259.0, 107.0, 275.0], [50.0, 205.0, 57.0, 216.0], [112.0, 52.0, 143.0, 78.0]], "recallMat": [[0.92, 0.0, 0.0, 0.0], [0.0, 0.0, 0.0, 0.0], [0.0, 0.0, 1.0, 0.0], [0.0, 0.9411764705882353, 0.0, 0.0], [0.0, 0.0, 0.0, 0.0]], "gtDontCare": []}