{"evaluationLog": "GT rectangles: 5\nDET rectangles: 3\nFind one-to-one matches\nMatch GT #0 with Det #0\nMatch GT #2 with Det #2\nMatch GT #3 with Det #1\nFind one-to-many matches\nFind many-to-one matches\nRecall = 0.6\nPrecision = 1.0\n", "precision": 1.0, "gtPolPoints": [[136.0, 57.0, 165.0, 90.0], [210.0, 78.0, 220.0, 91.0], [73.0, 56.0, 95.0, 90.0], [93.0, 72.0, 109.0, 94.0], [0.0, 86.0, 13.0, 113.0]], "precisionMat": [[0.9, 0.0, 0.0], [0.0, 0.0, 0.0], [0.0, 0.14285714285714285, 0.9705882352941176], [0.0, 1.0, 0.08823529411764706], [0.0, 0.0, 0.0]], "evaluationParams": {"AREA_PRECISION_CONSTRAINT": 0.4, "GT_SAMPLE_NAME_2_ID": "gt_img_([0-9]+).txt", "DET_SAMPLE_NAME_2_ID": "res_img_([0-9]+).txt", "CRLF": false, "EV_PARAM_IND_CENTER_DIFF_THR": 1, "MTYPE_OM_M": 1.0, "AREA_RECALL_CONSTRAINT": 0.5, "MTYPE_OM_O": 0.8, "MTYPE_OO_O": 1.0}, "pairs": [{"type": "OO", "gt": 0, "det": 0}, {"type": "OO", "gt": 2, "det": 2}, {"type": "OO", "gt": 3, "det": 1}], "hmean": 0.7499999999999999, "detDontCare": [], "recall": 0.6, "detPolPoints": [[139.0, 59.0, 168.0, 89.0], [93.0, 74.0, 109.0, 94.0], [76.0, 58.0, 95.0, 91.0]], "recallMat": [[0.8205882352941176, 0.0, 0.0], [0.0, 0.0, 0.0], [0.0, 0.06335403726708075, 0.8198757763975155], [0.0, 0.9130434782608695, 0.1534526854219949], [0.0, 0.0, 0.0]], "gtDontCare": []}