{"evaluationLog": "GT rectangles: 11\nDET rectangles: 4\nFind one-to-one matches\nMatch GT #0 with Det #0\nMatch GT #3 with Det #1\nMatch GT #8 with Det #2\nFind one-to-many matches\nFind many-to-one matches\nRecall = 0.272727272727\nPrecision = 0.75\n", "precision": 0.75, "gtPolPoints": [[134.0, 289.0, 262.0, 432.0], [57.0, 239.0, 122.0, 308.0], [178.0, 179.0, 270.0, 261.0], [496.0, 53.0, 540.0, 158.0], [293.0, 86.0, 322.0, 109.0], [97.0, 161.0, 141.0, 204.0], [83.0, 117.0, 122.0, 154.0], [0.0, 263.0, 39.0, 339.0], [182.0, 131.0, 262.0, 187.0], [235.0, 97.0, 284.0, 147.0], [436.0, 43.0, 476.0, 84.0]], "precisionMat": [[1.0, 0.0, 0.0, 0.0], [0.0, 0.0, 0.0, 0.0], [0.0, 0.0, 0.16129032258064516, 0.0], [0.0, 0.9722222222222222, 0.0, 0.0], [0.0, 0.0, 0.0, 0.0], [0.0, 0.0, 0.0, 0.04505888376856119], [0.0, 0.0, 0.0, 0.0], [0.0, 0.0, 0.0, 0.0], [0.0, 0.0, 0.9193548387096774, 0.0], [0.0, 0.0, 0.08064516129032258, 0.0], [0.0, 0.0, 0.0, 0.0]], "evaluationParams": {"AREA_PRECISION_CONSTRAINT": 0.4, "GT_SAMPLE_NAME_2_ID": "gt_img_([0-9]+).txt", "DET_SAMPLE_NAME_2_ID": "res_img_([0-9]+).txt", "CRLF": false, "EV_PARAM_IND_CENTER_DIFF_THR": 1, "MTYPE_OM_M": 1.0, "AREA_RECALL_CONSTRAINT": 0.5, "MTYPE_OM_O": 0.8, "MTYPE_OO_O": 1.0}, "pairs": [{"type": "OO", "gt": 0, "det": 0}, {"type": "OO", "gt": 3, "det": 1}, {"type": "OO", "gt": 8, "det": 2}], "hmean": 0.39999999999999997, "detDontCare": [], "recall": 0.2727272727272727, "detPolPoints": [[144.0, 307.0, 254.0, 424.0], [506.0, 63.0, 541.0, 146.0], [203.0, 127.0, 244.0, 188.0], [68.0, 158.0, 98.0, 220.0]], "recallMat": [[0.7051033591731266, 0.0, 0.0, 0.0], [0.0, 0.0, 0.0, 0.0], [0.0, 0.0, 0.054411193159735714, 0.0], [0.0, 0.6163522012578616, 0.0, 0.0], [0.0, 0.0, 0.0, 0.0], [0.0, 0.0, 0.0, 0.044444444444444446], [0.0, 0.0, 0.0, 0.0], [0.0, 0.0, 0.0, 0.0], [0.0, 0.0, 0.5185185185185185, 0.0], [0.0, 0.0, 0.08235294117647059, 0.0], [0.0, 0.0, 0.0, 0.0]], "gtDontCare": []}