{"evaluationLog": "GT rectangles: 4\nDET rectangles: 4\nFind one-to-one matches\nMatch GT #0 with Det #2\nMatch GT #1 with Det #0\nMatch GT #2 with Det #1\nMatch GT #3 with Det #3\nFind one-to-many matches\nFind many-to-one matches\nRecall = 1.0\nPrecision = 1.0\n", "precision": 1.0, "gtPolPoints": [[1.0, 202.0, 35.0, 290.0], [125.0, 102.0, 217.0, 241.0], [375.0, 275.0, 411.0, 317.0], [299.0, 236.0, 333.0, 295.0]], "precisionMat": [[0.0, 0.0, 0.9696969696969697, 0.0], [0.9027777777777778, 0.0, 0.0, 0.0], [0.0, 0.9767441860465116, 0.0, 0.0], [0.0, 0.0, 0.0, 0.7954820492133925]], "evaluationParams": {"AREA_PRECISION_CONSTRAINT": 0.4, "GT_SAMPLE_NAME_2_ID": "gt_img_([0-9]+).txt", "DET_SAMPLE_NAME_2_ID": "res_img_([0-9]+).txt", "CRLF": false, "EV_PARAM_IND_CENTER_DIFF_THR": 1, "MTYPE_OM_M": 1.0, "AREA_RECALL_CONSTRAINT": 0.5, "MTYPE_OM_O": 0.8, "MTYPE_OO_O": 1.0}, "pairs": [{"type": "OO", "gt": 0, "det": 2}, {"type": "OO", "gt": 1, "det": 0}, {"type": "OO", "gt": 2, "det": 1}, {"type": "OO", "gt": 3, "det": 3}], "hmean": 1.0, "detDontCare": [], "recall": 1.0, "detPolPoints": [[127.0, 99.0, 222.0, 245.0], [379.0, 276.0, 411.0, 318.0], [0.0, 205.0, 32.0, 288.0], [296.0, 238.0, 332.0, 304.0]], "recallMat": [[0.0, 0.0, 0.8629213483146068, 0.0], [0.978494623655914, 0.0, 0.0, 0.0], [0.0, 0.8711502199874293, 0.0, 0.0], [0.0, 0.0, 0.0, 0.939047619047619]], "gtDontCare": []}