{"evaluationLog": "GT rectangles: 4\nDET rectangles: 4\nFind one-to-one matches\nMatch GT #0 with Det #0\nMatch GT #3 with Det #1\nFind one-to-many matches\nFind many-to-one matches\nRecall = 0.5\nPrecision = 0.5\n", "precision": 0.5, "gtPolPoints": [[258.0, 47.0, 309.0, 117.0], [409.0, 103.0, 428.0, 127.0], [457.0, 85.0, 482.0, 156.0], [75.0, 60.0, 121.0, 116.0]], "precisionMat": [[0.9426591052299937, 0.0, 0.0, 0.0], [0.0, 0.0, 0.0, 0.0], [0.0, 0.0, 0.0, 0.0], [0.0, 0.9344262295081968, 0.0, 1.0]], "evaluationParams": {"AREA_PRECISION_CONSTRAINT": 0.4, "GT_SAMPLE_NAME_2_ID": "gt_img_([0-9]+).txt", "DET_SAMPLE_NAME_2_ID": "res_img_([0-9]+).txt", "CRLF": false, "EV_PARAM_IND_CENTER_DIFF_THR": 1, "MTYPE_OM_M": 1.0, "AREA_RECALL_CONSTRAINT": 0.5, "MTYPE_OM_O": 0.8, "MTYPE_OO_O": 1.0}, "pairs": [{"type": "OO", "gt": 0, "det": 0}, {"type": "OO", "gt": 3, "det": 1}], "hmean": 0.5, "detDontCare": [], "recall": 0.5, "detPolPoints": [[256.0, 50.0, 301.0, 118.0], [79.0, 56.0, 117.0, 116.0], [347.0, 213.0, 380.0, 261.0], [101.0, 82.0, 119.0, 111.0]], "recallMat": [[0.8104008667388949, 0.0, 0.0, 0.0], [0.0, 0.0, 0.0, 0.0], [0.0, 0.0, 0.0, 0.0], [0.0, 0.8297872340425532, 0.0, 0.2127659574468085]], "gtDontCare": []}